date,sex,vaccination_status,entries,sumTotal,pop,inz_entries,inzsumTotal,geoRegion,type,type_variant,vaccine,data_completeness,version
202104,female,fully_vaccinated,1,1,8805,11.36,NA,CHFL,COVID19Cases,vaccine,all,limited,2021-11-10_07-50-19
202104,female,partially_vaccinated,5,5,157567,3.17,NA,CHFL,COVID19Cases,vaccine,all,limited,2021-11-10_07-50-19
202104,female,not_vaccinated,57,57,4221016,1.35,NA,CHFL,COVID19Cases,vaccine,all,limited,2021-11-10_07-50-19
202104,female,unknown,3787,3787,NA,NA,NA,CHFL,COVID19Cases,vaccine,all,limited,2021-11-10_07-50-19
202104,male,fully_vaccinated,0,0,6553,0,NA,CHFL,COVID19Cases,vaccine,all,limited,2021-11-10_07-50-19
202104,male,partially_vaccinated,3,3,120143,2.5,NA,CHFL,COVID19Cases,vaccine,all,limited,2021-11-10_07-50-19
202104,male,not_vaccinated,50,50,4195271,1.19,NA,CHFL,COVID19Cases,vaccine,all,limited,2021-11-10_07-50-19
202104,male,unknown,3297,3297,NA,NA,NA,CHFL,COVID19Cases,vaccine,all,limited,2021-11-10_07-50-19
202104,unknown,fully_vaccinated,0,0,0,NA,NA,CHFL,COVID19Cases,vaccine,all,limited,2021-11-10_07-50-19
202104,unknown,partially_vaccinated,0,0,32,0,NA,CHFL,COVID19Cases,vaccine,all,limited,2021-11-10_07-50-19
202104,unknown,not_vaccinated,0,0,NA,NA,NA,CHFL,COVID19Cases,vaccine,all,limited,2021-11-10_07-50-19
202104,unknown,unknown,0,0,NA,NA,NA,CHFL,COVID19Cases,vaccine,all,limited,2021-11-10_07-50-19
202105,female,fully_vaccinated,1,2,28210,3.54,NA,CHFL,COVID19Cases,vaccine,all,limited,2021-11-10_07-50-19
202105,female,partially_vaccinated,20,25,175941,11.37,NA,CHFL,COVID19Cases,vaccine,all,limited,2021-11-10_07-50-19
202105,female,not_vaccinated,83,140,4183237,1.98,NA,CHFL,COVID19Cases,vaccine,all,limited,2021-11-10_07-50-19
202105,female,unknown,5148,8935,NA,NA,NA,CHFL,COVID19Cases,vaccine,all,limited,2021-11-10_07-50-19
202105,male,fully_vaccinated,2,2,18640,10.73,NA,CHFL,COVID19Cases,vaccine,all,limited,2021-11-10_07-50-19
202105,male,partially_vaccinated,9,12,138745,6.49,NA,CHFL,COVID19Cases,vaccine,all,limited,2021-11-10_07-50-19
202105,male,not_vaccinated,87,137,4164582,2.09,NA,CHFL,COVID19Cases,vaccine,all,limited,2021-11-10_07-50-19
202105,male,unknown,4735,8032,NA,NA,NA,CHFL,COVID19Cases,vaccine,all,limited,2021-11-10_07-50-19
202105,unknown,fully_vaccinated,0,0,0,NA,NA,CHFL,COVID19Cases,vaccine,all,limited,2021-11-10_07-50-19
202105,unknown,partially_vaccinated,0,0,40,0,NA,CHFL,COVID19Cases,vaccine,all,limited,2021-11-10_07-50-19
202105,unknown,not_vaccinated,0,0,NA,NA,NA,CHFL,COVID19Cases,vaccine,all,limited,2021-11-10_07-50-19
202105,unknown,unknown,1,1,NA,NA,NA,CHFL,COVID19Cases,vaccine,all,limited,2021-11-10_07-50-19
202106,female,fully_vaccinated,2,4,60996,3.28,NA,CHFL,COVID19Cases,vaccine,all,limited,2021-11-10_07-50-19
202106,female,partially_vaccinated,19,44,188701,10.07,NA,CHFL,COVID19Cases,vaccine,all,limited,2021-11-10_07-50-19
202106,female,not_vaccinated,69,209,4137691,1.67,NA,CHFL,COVID19Cases,vaccine,all,limited,2021-11-10_07-50-19
202106,female,unknown,3926,12861,NA,NA,NA,CHFL,COVID19Cases,vaccine,all,limited,2021-11-10_07-50-19
202106,male,fully_vaccinated,0,2,42162,0,NA,CHFL,COVID19Cases,vaccine,all,limited,2021-11-10_07-50-19
202106,male,partially_vaccinated,12,24,147312,8.15,NA,CHFL,COVID19Cases,vaccine,all,limited,2021-11-10_07-50-19
202106,male,not_vaccinated,88,225,4132493,2.13,NA,CHFL,COVID19Cases,vaccine,all,limited,2021-11-10_07-50-19
202106,male,unknown,3760,11792,NA,NA,NA,CHFL,COVID19Cases,vaccine,all,limited,2021-11-10_07-50-19
202106,unknown,fully_vaccinated,0,0,4,0,NA,CHFL,COVID19Cases,vaccine,all,limited,2021-11-10_07-50-19
202106,unknown,partially_vaccinated,0,0,53,0,NA,CHFL,COVID19Cases,vaccine,all,limited,2021-11-10_07-50-19
202106,unknown,not_vaccinated,0,0,NA,NA,NA,CHFL,COVID19Cases,vaccine,all,limited,2021-11-10_07-50-19
202106,unknown,unknown,4,5,NA,NA,NA,CHFL,COVID19Cases,vaccine,all,limited,2021-11-10_07-50-19
202107,female,fully_vaccinated,4,8,100382,3.98,NA,CHFL,COVID19Cases,vaccine,all,limited,2021-11-10_07-50-19
202107,female,partially_vaccinated,16,60,183130,8.74,NA,CHFL,COVID19Cases,vaccine,all,limited,2021-11-10_07-50-19
202107,female,not_vaccinated,53,262,4103876,1.29,NA,CHFL,COVID19Cases,vaccine,all,limited,2021-11-10_07-50-19
202107,female,unknown,3532,16393,NA,NA,NA,CHFL,COVID19Cases,vaccine,all,limited,2021-11-10_07-50-19
202107,male,fully_vaccinated,3,5,75052,4,NA,CHFL,COVID19Cases,vaccine,all,limited,2021-11-10_07-50-19
202107,male,partially_vaccinated,9,33,139281,6.46,NA,CHFL,COVID19Cases,vaccine,all,limited,2021-11-10_07-50-19
202107,male,not_vaccinated,78,303,4107634,1.9,NA,CHFL,COVID19Cases,vaccine,all,limited,2021-11-10_07-50-19
202107,male,unknown,3284,15076,NA,NA,NA,CHFL,COVID19Cases,vaccine,all,limited,2021-11-10_07-50-19
202107,unknown,fully_vaccinated,0,0,11,0,NA,CHFL,COVID19Cases,vaccine,all,limited,2021-11-10_07-50-19
202107,unknown,partially_vaccinated,0,0,57,0,NA,CHFL,COVID19Cases,vaccine,all,limited,2021-11-10_07-50-19
202107,unknown,not_vaccinated,0,0,NA,NA,NA,CHFL,COVID19Cases,vaccine,all,limited,2021-11-10_07-50-19
202107,unknown,unknown,1,6,NA,NA,NA,CHFL,COVID19Cases,vaccine,all,limited,2021-11-10_07-50-19
202108,female,fully_vaccinated,9,17,150144,5.99,NA,CHFL,COVID19Cases,vaccine,all,limited,2021-11-10_07-50-19
202108,female,partially_vaccinated,13,73,161272,8.06,NA,CHFL,COVID19Cases,vaccine,all,limited,2021-11-10_07-50-19
202108,female,not_vaccinated,66,328,4075972,1.62,NA,CHFL,COVID19Cases,vaccine,all,limited,2021-11-10_07-50-19
202108,female,unknown,3504,19897,NA,NA,NA,CHFL,COVID19Cases,vaccine,all,limited,2021-11-10_07-50-19
202108,male,fully_vaccinated,4,9,115239,3.47,NA,CHFL,COVID19Cases,vaccine,all,limited,2021-11-10_07-50-19
202108,male,partially_vaccinated,9,42,119776,7.51,NA,CHFL,COVID19Cases,vaccine,all,limited,2021-11-10_07-50-19
202108,male,not_vaccinated,90,393,4086952,2.2,NA,CHFL,COVID19Cases,vaccine,all,limited,2021-11-10_07-50-19
202108,male,unknown,3543,18619,NA,NA,NA,CHFL,COVID19Cases,vaccine,all,limited,2021-11-10_07-50-19
202108,unknown,fully_vaccinated,0,0,24,0,NA,CHFL,COVID19Cases,vaccine,all,limited,2021-11-10_07-50-19
202108,unknown,partially_vaccinated,0,0,47,0,NA,CHFL,COVID19Cases,vaccine,all,limited,2021-11-10_07-50-19
202108,unknown,not_vaccinated,0,0,NA,NA,NA,CHFL,COVID19Cases,vaccine,all,limited,2021-11-10_07-50-19
202108,unknown,unknown,3,9,NA,NA,NA,CHFL,COVID19Cases,vaccine,all,limited,2021-11-10_07-50-19
202109,female,fully_vaccinated,3,20,193620,1.55,NA,CHFL,COVID19Cases,vaccine,all,limited,2021-11-10_07-50-19
202109,female,partially_vaccinated,14,87,159427,8.78,NA,CHFL,COVID19Cases,vaccine,all,limited,2021-11-10_07-50-19
202109,female,not_vaccinated,66,394,4034341,1.64,NA,CHFL,COVID19Cases,vaccine,all,limited,2021-11-10_07-50-19
202109,female,unknown,3713,23610,NA,NA,NA,CHFL,COVID19Cases,vaccine,all,limited,2021-11-10_07-50-19
202109,male,fully_vaccinated,5,14,148502,3.37,NA,CHFL,COVID19Cases,vaccine,all,limited,2021-11-10_07-50-19
202109,male,partially_vaccinated,6,48,120062,5,NA,CHFL,COVID19Cases,vaccine,all,limited,2021-11-10_07-50-19
202109,male,not_vaccinated,80,473,4053403,1.97,NA,CHFL,COVID19Cases,vaccine,all,limited,2021-11-10_07-50-19
202109,male,unknown,3697,22316,NA,NA,NA,CHFL,COVID19Cases,vaccine,all,limited,2021-11-10_07-50-19
202109,unknown,fully_vaccinated,0,0,36,0,NA,CHFL,COVID19Cases,vaccine,all,limited,2021-11-10_07-50-19
202109,unknown,partially_vaccinated,0,0,41,0,NA,CHFL,COVID19Cases,vaccine,all,limited,2021-11-10_07-50-19
202109,unknown,not_vaccinated,0,0,NA,NA,NA,CHFL,COVID19Cases,vaccine,all,limited,2021-11-10_07-50-19
202109,unknown,unknown,10,19,NA,NA,NA,CHFL,COVID19Cases,vaccine,all,limited,2021-11-10_07-50-19
202110,female,fully_vaccinated,15,35,229283,6.54,NA,CHFL,COVID19Cases,vaccine,all,limited,2021-11-10_07-50-19
202110,female,partially_vaccinated,11,98,174393,6.31,NA,CHFL,COVID19Cases,vaccine,all,limited,2021-11-10_07-50-19
202110,female,not_vaccinated,93,487,3983712,2.33,NA,CHFL,COVID19Cases,vaccine,all,limited,2021-11-10_07-50-19
202110,female,unknown,4359,27969,NA,NA,NA,CHFL,COVID19Cases,vaccine,all,limited,2021-11-10_07-50-19
202110,male,fully_vaccinated,9,23,175063,5.14,NA,CHFL,COVID19Cases,vaccine,all,limited,2021-11-10_07-50-19
202110,male,partially_vaccinated,5,53,132885,3.76,NA,CHFL,COVID19Cases,vaccine,all,limited,2021-11-10_07-50-19
202110,male,not_vaccinated,75,548,4014019,1.87,NA,CHFL,COVID19Cases,vaccine,all,limited,2021-11-10_07-50-19
202110,male,unknown,4234,26550,NA,NA,NA,CHFL,COVID19Cases,vaccine,all,limited,2021-11-10_07-50-19
202110,unknown,fully_vaccinated,0,0,45,0,NA,CHFL,COVID19Cases,vaccine,all,limited,2021-11-10_07-50-19
202110,unknown,partially_vaccinated,0,0,41,0,NA,CHFL,COVID19Cases,vaccine,all,limited,2021-11-10_07-50-19
202110,unknown,not_vaccinated,0,0,NA,NA,NA,CHFL,COVID19Cases,vaccine,all,limited,2021-11-10_07-50-19
202110,unknown,unknown,3,22,NA,NA,NA,CHFL,COVID19Cases,vaccine,all,limited,2021-11-10_07-50-19
202111,female,fully_vaccinated,17,52,273143,6.22,NA,CHFL,COVID19Cases,vaccine,all,limited,2021-11-10_07-50-19
202111,female,partially_vaccinated,2,100,172830,1.16,NA,CHFL,COVID19Cases,vaccine,all,limited,2021-11-10_07-50-19
202111,female,not_vaccinated,90,577,3941415,2.28,NA,CHFL,COVID19Cases,vaccine,all,limited,2021-11-10_07-50-19
202111,female,unknown,5206,33175,NA,NA,NA,CHFL,COVID19Cases,vaccine,all,limited,2021-11-10_07-50-19
202111,male,fully_vaccinated,11,34,204977,5.37,NA,CHFL,COVID19Cases,vaccine,all,limited,2021-11-10_07-50-19
202111,male,partially_vaccinated,19,72,138353,13.73,NA,CHFL,COVID19Cases,vaccine,all,limited,2021-11-10_07-50-19
202111,male,not_vaccinated,113,661,3978637,2.84,NA,CHFL,COVID19Cases,vaccine,all,limited,2021-11-10_07-50-19
202111,male,unknown,5048,31598,NA,NA,NA,CHFL,COVID19Cases,vaccine,all,limited,2021-11-10_07-50-19
202111,unknown,fully_vaccinated,0,0,63,0,NA,CHFL,COVID19Cases,vaccine,all,limited,2021-11-10_07-50-19
202111,unknown,partially_vaccinated,0,0,73,0,NA,CHFL,COVID19Cases,vaccine,all,limited,2021-11-10_07-50-19
202111,unknown,not_vaccinated,0,0,NA,NA,NA,CHFL,COVID19Cases,vaccine,all,limited,2021-11-10_07-50-19
202111,unknown,unknown,3,25,NA,NA,NA,CHFL,COVID19Cases,vaccine,all,limited,2021-11-10_07-50-19
202112,female,fully_vaccinated,14,66,312331,4.48,NA,CHFL,COVID19Cases,vaccine,all,limited,2021-11-10_07-50-19
202112,female,partially_vaccinated,5,105,195139,2.56,NA,CHFL,COVID19Cases,vaccine,all,limited,2021-11-10_07-50-19
202112,female,not_vaccinated,113,690,3879918,2.91,NA,CHFL,COVID19Cases,vaccine,all,limited,2021-11-10_07-50-19
202112,female,unknown,6113,39288,NA,NA,NA,CHFL,COVID19Cases,vaccine,all,limited,2021-11-10_07-50-19
202112,male,fully_vaccinated,13,47,235219,5.53,NA,CHFL,COVID19Cases,vaccine,all,limited,2021-11-10_07-50-19
202112,male,partially_vaccinated,6,78,160267,3.74,NA,CHFL,COVID19Cases,vaccine,all,limited,2021-11-10_07-50-19
202112,male,not_vaccinated,153,814,3926481,3.9,NA,CHFL,COVID19Cases,vaccine,all,limited,2021-11-10_07-50-19
202112,male,unknown,6143,37741,NA,NA,NA,CHFL,COVID19Cases,vaccine,all,limited,2021-11-10_07-50-19
202112,unknown,fully_vaccinated,0,0,68,0,NA,CHFL,COVID19Cases,vaccine,all,limited,2021-11-10_07-50-19
202112,unknown,partially_vaccinated,0,0,83,0,NA,CHFL,COVID19Cases,vaccine,all,limited,2021-11-10_07-50-19
202112,unknown,not_vaccinated,0,0,NA,NA,NA,CHFL,COVID19Cases,vaccine,all,limited,2021-11-10_07-50-19
202112,unknown,unknown,7,32,NA,NA,NA,CHFL,COVID19Cases,vaccine,all,limited,2021-11-10_07-50-19
202113,female,fully_vaccinated,24,90,349205,6.87,NA,CHFL,COVID19Cases,vaccine,all,limited,2021-11-10_07-50-19
202113,female,partially_vaccinated,7,112,217955,3.21,NA,CHFL,COVID19Cases,vaccine,all,limited,2021-11-10_07-50-19
202113,female,not_vaccinated,109,799,3820228,2.85,NA,CHFL,COVID19Cases,vaccine,all,limited,2021-11-10_07-50-19
202113,female,unknown,6081,45369,NA,NA,NA,CHFL,COVID19Cases,vaccine,all,limited,2021-11-10_07-50-19
202113,male,fully_vaccinated,18,65,264954,6.79,NA,CHFL,COVID19Cases,vaccine,all,limited,2021-11-10_07-50-19
202113,male,partially_vaccinated,10,88,180086,5.55,NA,CHFL,COVID19Cases,vaccine,all,limited,2021-11-10_07-50-19
202113,male,not_vaccinated,155,969,3876927,4,NA,CHFL,COVID19Cases,vaccine,all,limited,2021-11-10_07-50-19
202113,male,unknown,5914,43655,NA,NA,NA,CHFL,COVID19Cases,vaccine,all,limited,2021-11-10_07-50-19
202113,unknown,fully_vaccinated,0,0,73,0,NA,CHFL,COVID19Cases,vaccine,all,limited,2021-11-10_07-50-19
202113,unknown,partially_vaccinated,0,0,94,0,NA,CHFL,COVID19Cases,vaccine,all,limited,2021-11-10_07-50-19
202113,unknown,not_vaccinated,0,0,NA,NA,NA,CHFL,COVID19Cases,vaccine,all,limited,2021-11-10_07-50-19
202113,unknown,unknown,4,36,NA,NA,NA,CHFL,COVID19Cases,vaccine,all,limited,2021-11-10_07-50-19
202114,female,fully_vaccinated,24,114,398086,6.03,NA,CHFL,COVID19Cases,vaccine,all,limited,2021-11-10_07-50-19
202114,female,partially_vaccinated,16,128,235581,6.79,NA,CHFL,COVID19Cases,vaccine,all,limited,2021-11-10_07-50-19
202114,female,not_vaccinated,119,918,3753721,3.17,NA,CHFL,COVID19Cases,vaccine,all,limited,2021-11-10_07-50-19
202114,female,unknown,6942,52311,NA,NA,NA,CHFL,COVID19Cases,vaccine,all,limited,2021-11-10_07-50-19
202114,male,fully_vaccinated,19,84,303778,6.25,NA,CHFL,COVID19Cases,vaccine,all,limited,2021-11-10_07-50-19
202114,male,partially_vaccinated,13,101,199051,6.53,NA,CHFL,COVID19Cases,vaccine,all,limited,2021-11-10_07-50-19
202114,male,not_vaccinated,135,1104,3819138,3.53,NA,CHFL,COVID19Cases,vaccine,all,limited,2021-11-10_07-50-19
202114,male,unknown,6924,50579,NA,NA,NA,CHFL,COVID19Cases,vaccine,all,limited,2021-11-10_07-50-19
202114,unknown,fully_vaccinated,0,0,82,0,NA,CHFL,COVID19Cases,vaccine,all,limited,2021-11-10_07-50-19
202114,unknown,partially_vaccinated,0,0,114,0,NA,CHFL,COVID19Cases,vaccine,all,limited,2021-11-10_07-50-19
202114,unknown,not_vaccinated,0,0,NA,NA,NA,CHFL,COVID19Cases,vaccine,all,limited,2021-11-10_07-50-19
202114,unknown,unknown,4,40,NA,NA,NA,CHFL,COVID19Cases,vaccine,all,limited,2021-11-10_07-50-19
202115,female,fully_vaccinated,28,142,444631,6.3,NA,CHFL,COVID19Cases,vaccine,all,limited,2021-11-10_07-50-19
202115,female,partially_vaccinated,12,140,302827,3.96,NA,CHFL,COVID19Cases,vaccine,all,limited,2021-11-10_07-50-19
202115,female,not_vaccinated,118,1036,3639930,3.24,NA,CHFL,COVID19Cases,vaccine,all,limited,2021-11-10_07-50-19
202115,female,unknown,6742,59053,NA,NA,NA,CHFL,COVID19Cases,vaccine,all,limited,2021-11-10_07-50-19
202115,male,fully_vaccinated,17,101,342503,4.96,NA,CHFL,COVID19Cases,vaccine,all,limited,2021-11-10_07-50-19
202115,male,partially_vaccinated,14,115,259358,5.4,NA,CHFL,COVID19Cases,vaccine,all,limited,2021-11-10_07-50-19
202115,male,not_vaccinated,165,1269,3720106,4.44,NA,CHFL,COVID19Cases,vaccine,all,limited,2021-11-10_07-50-19
202115,male,unknown,7054,57633,NA,NA,NA,CHFL,COVID19Cases,vaccine,all,limited,2021-11-10_07-50-19
202115,unknown,fully_vaccinated,0,0,129,0,NA,CHFL,COVID19Cases,vaccine,all,limited,2021-11-10_07-50-19
202115,unknown,partially_vaccinated,0,0,111,0,NA,CHFL,COVID19Cases,vaccine,all,limited,2021-11-10_07-50-19
202115,unknown,not_vaccinated,0,0,NA,NA,NA,CHFL,COVID19Cases,vaccine,all,limited,2021-11-10_07-50-19
202115,unknown,unknown,0,40,NA,NA,NA,CHFL,COVID19Cases,vaccine,all,limited,2021-11-10_07-50-19
202116,female,fully_vaccinated,25,167,504285,4.96,NA,CHFL,COVID19Cases,vaccine,all,limited,2021-11-10_07-50-19
202116,female,partially_vaccinated,20,160,381556,5.24,NA,CHFL,COVID19Cases,vaccine,all,limited,2021-11-10_07-50-19
202116,female,not_vaccinated,130,1166,3501547,3.71,NA,CHFL,COVID19Cases,vaccine,all,limited,2021-11-10_07-50-19
202116,female,unknown,6940,65993,NA,NA,NA,CHFL,COVID19Cases,vaccine,all,limited,2021-11-10_07-50-19
202116,male,fully_vaccinated,20,121,393485,5.08,NA,CHFL,COVID19Cases,vaccine,all,limited,2021-11-10_07-50-19
202116,male,partially_vaccinated,23,138,331321,6.94,NA,CHFL,COVID19Cases,vaccine,all,limited,2021-11-10_07-50-19
202116,male,not_vaccinated,166,1435,3597161,4.61,NA,CHFL,COVID19Cases,vaccine,all,limited,2021-11-10_07-50-19
202116,male,unknown,7255,64888,NA,NA,NA,CHFL,COVID19Cases,vaccine,all,limited,2021-11-10_07-50-19
202116,unknown,fully_vaccinated,0,0,143,0,NA,CHFL,COVID19Cases,vaccine,all,limited,2021-11-10_07-50-19
202116,unknown,partially_vaccinated,0,0,157,0,NA,CHFL,COVID19Cases,vaccine,all,limited,2021-11-10_07-50-19
202116,unknown,not_vaccinated,0,0,NA,NA,NA,CHFL,COVID19Cases,vaccine,all,limited,2021-11-10_07-50-19
202116,unknown,unknown,2,42,NA,NA,NA,CHFL,COVID19Cases,vaccine,all,limited,2021-11-10_07-50-19
202117,female,fully_vaccinated,29,196,563298,5.15,NA,CHFL,COVID19Cases,vaccine,all,limited,2021-11-10_07-50-19
202117,female,partially_vaccinated,25,185,473489,5.28,NA,CHFL,COVID19Cases,vaccine,all,limited,2021-11-10_07-50-19
202117,female,not_vaccinated,78,1244,3350601,2.33,NA,CHFL,COVID19Cases,vaccine,all,limited,2021-11-10_07-50-19
202117,female,unknown,5733,71726,NA,NA,NA,CHFL,COVID19Cases,vaccine,all,limited,2021-11-10_07-50-19
202117,male,fully_vaccinated,19,140,442779,4.29,NA,CHFL,COVID19Cases,vaccine,all,limited,2021-11-10_07-50-19
202117,male,partially_vaccinated,24,162,418058,5.74,NA,CHFL,COVID19Cases,vaccine,all,limited,2021-11-10_07-50-19
202117,male,not_vaccinated,114,1549,3461130,3.29,NA,CHFL,COVID19Cases,vaccine,all,limited,2021-11-10_07-50-19
202117,male,unknown,5902,70790,NA,NA,NA,CHFL,COVID19Cases,vaccine,all,limited,2021-11-10_07-50-19
202117,unknown,fully_vaccinated,0,0,157,0,NA,CHFL,COVID19Cases,vaccine,all,limited,2021-11-10_07-50-19
202117,unknown,partially_vaccinated,0,0,208,0,NA,CHFL,COVID19Cases,vaccine,all,limited,2021-11-10_07-50-19
202117,unknown,not_vaccinated,0,0,NA,NA,NA,CHFL,COVID19Cases,vaccine,all,limited,2021-11-10_07-50-19
202117,unknown,unknown,1,43,NA,NA,NA,CHFL,COVID19Cases,vaccine,all,limited,2021-11-10_07-50-19
202118,female,fully_vaccinated,22,218,636831,3.45,NA,CHFL,COVID19Cases,vaccine,all,limited,2021-11-10_07-50-19
202118,female,partially_vaccinated,16,201,570614,2.8,NA,CHFL,COVID19Cases,vaccine,all,limited,2021-11-10_07-50-19
202118,female,not_vaccinated,88,1332,3179943,2.77,NA,CHFL,COVID19Cases,vaccine,all,limited,2021-11-10_07-50-19
202118,female,unknown,5063,76789,NA,NA,NA,CHFL,COVID19Cases,vaccine,all,limited,2021-11-10_07-50-19
202118,male,fully_vaccinated,14,154,506228,2.77,NA,CHFL,COVID19Cases,vaccine,all,limited,2021-11-10_07-50-19
202118,male,partially_vaccinated,23,185,508888,4.52,NA,CHFL,COVID19Cases,vaccine,all,limited,2021-11-10_07-50-19
202118,male,not_vaccinated,88,1637,3306851,2.66,NA,CHFL,COVID19Cases,vaccine,all,limited,2021-11-10_07-50-19
202118,male,unknown,5012,75802,NA,NA,NA,CHFL,COVID19Cases,vaccine,all,limited,2021-11-10_07-50-19
202118,unknown,fully_vaccinated,0,0,185,0,NA,CHFL,COVID19Cases,vaccine,all,limited,2021-11-10_07-50-19
202118,unknown,partially_vaccinated,0,0,278,0,NA,CHFL,COVID19Cases,vaccine,all,limited,2021-11-10_07-50-19
202118,unknown,not_vaccinated,0,0,NA,NA,NA,CHFL,COVID19Cases,vaccine,all,limited,2021-11-10_07-50-19
202118,unknown,unknown,4,47,NA,NA,NA,CHFL,COVID19Cases,vaccine,all,limited,2021-11-10_07-50-19
202119,female,fully_vaccinated,17,235,738509,2.3,NA,CHFL,COVID19Cases,vaccine,all,limited,2021-11-10_07-50-19
202119,female,partially_vaccinated,15,216,612653,2.45,NA,CHFL,COVID19Cases,vaccine,all,limited,2021-11-10_07-50-19
202119,female,not_vaccinated,64,1396,3036226,2.11,NA,CHFL,COVID19Cases,vaccine,all,limited,2021-11-10_07-50-19
202119,female,unknown,3829,80618,NA,NA,NA,CHFL,COVID19Cases,vaccine,all,limited,2021-11-10_07-50-19
202119,male,fully_vaccinated,9,163,595952,1.51,NA,CHFL,COVID19Cases,vaccine,all,limited,2021-11-10_07-50-19
202119,male,partially_vaccinated,11,196,562982,1.95,NA,CHFL,COVID19Cases,vaccine,all,limited,2021-11-10_07-50-19
202119,male,not_vaccinated,64,1701,3163033,2.02,NA,CHFL,COVID19Cases,vaccine,all,limited,2021-11-10_07-50-19
202119,male,unknown,3839,79641,NA,NA,NA,CHFL,COVID19Cases,vaccine,all,limited,2021-11-10_07-50-19
202119,unknown,fully_vaccinated,0,0,221,0,NA,CHFL,COVID19Cases,vaccine,all,limited,2021-11-10_07-50-19
202119,unknown,partially_vaccinated,0,0,314,0,NA,CHFL,COVID19Cases,vaccine,all,limited,2021-11-10_07-50-19
202119,unknown,not_vaccinated,0,0,NA,NA,NA,CHFL,COVID19Cases,vaccine,all,limited,2021-11-10_07-50-19
202119,unknown,unknown,5,52,NA,NA,NA,CHFL,COVID19Cases,vaccine,all,limited,2021-11-10_07-50-19
202120,female,fully_vaccinated,24,259,878574,2.73,NA,CHFL,COVID19Cases,vaccine,all,limited,2021-11-10_07-50-19
202120,female,partially_vaccinated,10,226,631180,1.58,NA,CHFL,COVID19Cases,vaccine,all,limited,2021-11-10_07-50-19
202120,female,not_vaccinated,64,1460,2877634,2.22,NA,CHFL,COVID19Cases,vaccine,all,limited,2021-11-10_07-50-19
202120,female,unknown,3621,84239,NA,NA,NA,CHFL,COVID19Cases,vaccine,all,limited,2021-11-10_07-50-19
202120,male,fully_vaccinated,15,178,721284,2.08,NA,CHFL,COVID19Cases,vaccine,all,limited,2021-11-10_07-50-19
202120,male,partially_vaccinated,13,209,597963,2.17,NA,CHFL,COVID19Cases,vaccine,all,limited,2021-11-10_07-50-19
202120,male,not_vaccinated,61,1762,3002720,2.03,NA,CHFL,COVID19Cases,vaccine,all,limited,2021-11-10_07-50-19
202120,male,unknown,3545,83186,NA,NA,NA,CHFL,COVID19Cases,vaccine,all,limited,2021-11-10_07-50-19
202120,unknown,fully_vaccinated,0,0,276,0,NA,CHFL,COVID19Cases,vaccine,all,limited,2021-11-10_07-50-19
202120,unknown,partially_vaccinated,0,0,331,0,NA,CHFL,COVID19Cases,vaccine,all,limited,2021-11-10_07-50-19
202120,unknown,not_vaccinated,0,0,NA,NA,NA,CHFL,COVID19Cases,vaccine,all,limited,2021-11-10_07-50-19
202120,unknown,unknown,2,54,NA,NA,NA,CHFL,COVID19Cases,vaccine,all,limited,2021-11-10_07-50-19
202121,female,fully_vaccinated,21,280,1023190,2.05,NA,CHFL,COVID19Cases,vaccine,all,limited,2021-11-10_07-50-19
202121,female,partially_vaccinated,11,237,627969,1.75,NA,CHFL,COVID19Cases,vaccine,all,limited,2021-11-10_07-50-19
202121,female,not_vaccinated,34,1494,2736229,1.24,NA,CHFL,COVID19Cases,vaccine,all,limited,2021-11-10_07-50-19
202121,female,unknown,2511,86750,NA,NA,NA,CHFL,COVID19Cases,vaccine,all,limited,2021-11-10_07-50-19
202121,male,fully_vaccinated,13,191,852004,1.53,NA,CHFL,COVID19Cases,vaccine,all,limited,2021-11-10_07-50-19
202121,male,partially_vaccinated,4,213,620183,0.64,NA,CHFL,COVID19Cases,vaccine,all,limited,2021-11-10_07-50-19
202121,male,not_vaccinated,44,1806,2849780,1.54,NA,CHFL,COVID19Cases,vaccine,all,limited,2021-11-10_07-50-19
202121,male,unknown,2478,85664,NA,NA,NA,CHFL,COVID19Cases,vaccine,all,limited,2021-11-10_07-50-19
202121,unknown,fully_vaccinated,1,1,341,293.26,NA,CHFL,COVID19Cases,vaccine,all,limited,2021-11-10_07-50-19
202121,unknown,partially_vaccinated,0,0,361,0,NA,CHFL,COVID19Cases,vaccine,all,limited,2021-11-10_07-50-19
202121,unknown,not_vaccinated,0,0,NA,NA,NA,CHFL,COVID19Cases,vaccine,all,limited,2021-11-10_07-50-19
202121,unknown,unknown,2,56,NA,NA,NA,CHFL,COVID19Cases,vaccine,all,limited,2021-11-10_07-50-19
202122,female,fully_vaccinated,9,289,1187617,0.76,NA,CHFL,COVID19Cases,vaccine,all,limited,2021-11-10_07-50-19
202122,female,partially_vaccinated,4,241,626032,0.64,NA,CHFL,COVID19Cases,vaccine,all,limited,2021-11-10_07-50-19
202122,female,not_vaccinated,26,1520,2573739,1.01,NA,CHFL,COVID19Cases,vaccine,all,limited,2021-11-10_07-50-19
202122,female,unknown,1717,88467,NA,NA,NA,CHFL,COVID19Cases,vaccine,all,limited,2021-11-10_07-50-19
202122,male,fully_vaccinated,15,206,1000725,1.5,NA,CHFL,COVID19Cases,vaccine,all,limited,2021-11-10_07-50-19
202122,male,partially_vaccinated,6,219,648482,0.93,NA,CHFL,COVID19Cases,vaccine,all,limited,2021-11-10_07-50-19
202122,male,not_vaccinated,33,1839,2672760,1.23,NA,CHFL,COVID19Cases,vaccine,all,limited,2021-11-10_07-50-19
202122,male,unknown,1715,87379,NA,NA,NA,CHFL,COVID19Cases,vaccine,all,limited,2021-11-10_07-50-19
202122,unknown,fully_vaccinated,0,1,430,0,NA,CHFL,COVID19Cases,vaccine,all,limited,2021-11-10_07-50-19
202122,unknown,partially_vaccinated,0,0,382,0,NA,CHFL,COVID19Cases,vaccine,all,limited,2021-11-10_07-50-19
202122,unknown,not_vaccinated,0,0,NA,NA,NA,CHFL,COVID19Cases,vaccine,all,limited,2021-11-10_07-50-19
202122,unknown,unknown,0,56,NA,NA,NA,CHFL,COVID19Cases,vaccine,all,limited,2021-11-10_07-50-19
202123,female,fully_vaccinated,11,300,1343018,0.82,NA,CHFL,COVID19Cases,vaccine,all,limited,2021-11-10_07-50-19
202123,female,partially_vaccinated,7,248,640772,1.09,NA,CHFL,COVID19Cases,vaccine,all,limited,2021-11-10_07-50-19
202123,female,not_vaccinated,11,1531,2403598,0.46,NA,CHFL,COVID19Cases,vaccine,all,limited,2021-11-10_07-50-19
202123,female,unknown,1119,89586,NA,NA,NA,CHFL,COVID19Cases,vaccine,all,limited,2021-11-10_07-50-19
202123,male,fully_vaccinated,19,225,1152230,1.65,NA,CHFL,COVID19Cases,vaccine,all,limited,2021-11-10_07-50-19
202123,male,partially_vaccinated,7,226,683548,1.02,NA,CHFL,COVID19Cases,vaccine,all,limited,2021-11-10_07-50-19
202123,male,not_vaccinated,17,1856,2486189,0.68,NA,CHFL,COVID19Cases,vaccine,all,limited,2021-11-10_07-50-19
202123,male,unknown,1125,88504,NA,NA,NA,CHFL,COVID19Cases,vaccine,all,limited,2021-11-10_07-50-19
202123,unknown,fully_vaccinated,0,1,493,0,NA,CHFL,COVID19Cases,vaccine,all,limited,2021-11-10_07-50-19
202123,unknown,partially_vaccinated,0,0,463,0,NA,CHFL,COVID19Cases,vaccine,all,limited,2021-11-10_07-50-19
202123,unknown,not_vaccinated,0,0,NA,NA,NA,CHFL,COVID19Cases,vaccine,all,limited,2021-11-10_07-50-19
202123,unknown,unknown,0,56,NA,NA,NA,CHFL,COVID19Cases,vaccine,all,limited,2021-11-10_07-50-19
202124,female,fully_vaccinated,6,306,1499114,0.4,NA,CHFL,COVID19Cases,vaccine,all,limited,2021-11-10_07-50-19
202124,female,partially_vaccinated,2,250,631536,0.32,NA,CHFL,COVID19Cases,vaccine,all,limited,2021-11-10_07-50-19
202124,female,not_vaccinated,7,1538,2256738,0.31,NA,CHFL,COVID19Cases,vaccine,all,limited,2021-11-10_07-50-19
202124,female,unknown,591,90177,NA,NA,NA,CHFL,COVID19Cases,vaccine,all,limited,2021-11-10_07-50-19
202124,male,fully_vaccinated,8,233,1310811,0.61,NA,CHFL,COVID19Cases,vaccine,all,limited,2021-11-10_07-50-19
202124,male,partially_vaccinated,4,230,688560,0.58,NA,CHFL,COVID19Cases,vaccine,all,limited,2021-11-10_07-50-19
202124,male,not_vaccinated,11,1867,2322596,0.47,NA,CHFL,COVID19Cases,vaccine,all,limited,2021-11-10_07-50-19
202124,male,unknown,611,89115,NA,NA,NA,CHFL,COVID19Cases,vaccine,all,limited,2021-11-10_07-50-19
202124,unknown,fully_vaccinated,0,1,575,0,NA,CHFL,COVID19Cases,vaccine,all,limited,2021-11-10_07-50-19
202124,unknown,partially_vaccinated,0,0,559,0,NA,CHFL,COVID19Cases,vaccine,all,limited,2021-11-10_07-50-19
202124,unknown,not_vaccinated,0,0,NA,NA,NA,CHFL,COVID19Cases,vaccine,all,limited,2021-11-10_07-50-19
202124,unknown,unknown,0,56,NA,NA,NA,CHFL,COVID19Cases,vaccine,all,limited,2021-11-10_07-50-19
202125,female,fully_vaccinated,5,311,1647226,0.3,NA,CHFL,COVID19Cases,vaccine,all,limited,2021-11-10_07-50-19
202125,female,partially_vaccinated,1,251,592943,0.17,NA,CHFL,COVID19Cases,vaccine,all,limited,2021-11-10_07-50-19
202125,female,not_vaccinated,4,1542,2147219,0.19,NA,CHFL,COVID19Cases,vaccine,all,limited,2021-11-10_07-50-19
202125,female,unknown,329,90506,NA,NA,NA,CHFL,COVID19Cases,vaccine,all,limited,2021-11-10_07-50-19
202125,male,fully_vaccinated,3,236,1470723,0.2,NA,CHFL,COVID19Cases,vaccine,all,limited,2021-11-10_07-50-19
202125,male,partially_vaccinated,3,233,651302,0.46,NA,CHFL,COVID19Cases,vaccine,all,limited,2021-11-10_07-50-19
202125,male,not_vaccinated,9,1876,2199942,0.41,NA,CHFL,COVID19Cases,vaccine,all,limited,2021-11-10_07-50-19
202125,male,unknown,396,89511,NA,NA,NA,CHFL,COVID19Cases,vaccine,all,limited,2021-11-10_07-50-19
202125,unknown,fully_vaccinated,0,1,674,0,NA,CHFL,COVID19Cases,vaccine,all,limited,2021-11-10_07-50-19
202125,unknown,partially_vaccinated,0,0,624,0,NA,CHFL,COVID19Cases,vaccine,all,limited,2021-11-10_07-50-19
202125,unknown,not_vaccinated,0,0,NA,NA,NA,CHFL,COVID19Cases,vaccine,all,limited,2021-11-10_07-50-19
202125,unknown,unknown,0,56,NA,NA,NA,CHFL,COVID19Cases,vaccine,all,limited,2021-11-10_07-50-19
202126,female,fully_vaccinated,7,318,1806990,0.39,NA,CHFL,COVID19Cases,vaccine,all,intermediate,2021-11-10_07-50-19
202126,female,partially_vaccinated,2,253,495258,0.4,NA,CHFL,COVID19Cases,vaccine,all,intermediate,2021-11-10_07-50-19
202126,female,not_vaccinated,7,1549,2085140,0.34,NA,CHFL,COVID19Cases,vaccine,all,intermediate,2021-11-10_07-50-19
202126,female,unknown,432,90938,NA,NA,NA,CHFL,COVID19Cases,vaccine,all,intermediate,2021-11-10_07-50-19
202126,male,fully_vaccinated,3,239,1645106,0.18,NA,CHFL,COVID19Cases,vaccine,all,intermediate,2021-11-10_07-50-19
202126,male,partially_vaccinated,2,235,543154,0.37,NA,CHFL,COVID19Cases,vaccine,all,intermediate,2021-11-10_07-50-19
202126,male,not_vaccinated,6,1882,2133707,0.28,NA,CHFL,COVID19Cases,vaccine,all,intermediate,2021-11-10_07-50-19
202126,male,unknown,578,90089,NA,NA,NA,CHFL,COVID19Cases,vaccine,all,intermediate,2021-11-10_07-50-19
202126,unknown,fully_vaccinated,0,1,780,0,NA,CHFL,COVID19Cases,vaccine,all,intermediate,2021-11-10_07-50-19
202126,unknown,partially_vaccinated,0,0,597,0,NA,CHFL,COVID19Cases,vaccine,all,intermediate,2021-11-10_07-50-19
202126,unknown,not_vaccinated,0,0,NA,NA,NA,CHFL,COVID19Cases,vaccine,all,intermediate,2021-11-10_07-50-19
202126,unknown,unknown,0,56,NA,NA,NA,CHFL,COVID19Cases,vaccine,all,intermediate,2021-11-10_07-50-19
202127,female,fully_vaccinated,15,333,1967070,0.76,NA,CHFL,COVID19Cases,vaccine,all,intermediate,2021-11-10_07-50-19
202127,female,partially_vaccinated,4,257,377455,1.06,NA,CHFL,COVID19Cases,vaccine,all,intermediate,2021-11-10_07-50-19
202127,female,not_vaccinated,11,1560,2042863,0.54,NA,CHFL,COVID19Cases,vaccine,all,intermediate,2021-11-10_07-50-19
202127,female,unknown,888,91826,NA,NA,NA,CHFL,COVID19Cases,vaccine,all,intermediate,2021-11-10_07-50-19
202127,male,fully_vaccinated,17,256,1820992,0.93,NA,CHFL,COVID19Cases,vaccine,all,intermediate,2021-11-10_07-50-19
202127,male,partially_vaccinated,2,237,412050,0.49,NA,CHFL,COVID19Cases,vaccine,all,intermediate,2021-11-10_07-50-19
202127,male,not_vaccinated,14,1896,2088925,0.67,NA,CHFL,COVID19Cases,vaccine,all,intermediate,2021-11-10_07-50-19
202127,male,unknown,1109,91198,NA,NA,NA,CHFL,COVID19Cases,vaccine,all,intermediate,2021-11-10_07-50-19
202127,unknown,fully_vaccinated,0,1,907,0,NA,CHFL,COVID19Cases,vaccine,all,intermediate,2021-11-10_07-50-19
202127,unknown,partially_vaccinated,0,0,520,0,NA,CHFL,COVID19Cases,vaccine,all,intermediate,2021-11-10_07-50-19
202127,unknown,not_vaccinated,0,0,NA,NA,NA,CHFL,COVID19Cases,vaccine,all,intermediate,2021-11-10_07-50-19
202127,unknown,unknown,0,56,NA,NA,NA,CHFL,COVID19Cases,vaccine,all,intermediate,2021-11-10_07-50-19
202128,female,fully_vaccinated,28,361,2106913,1.33,NA,CHFL,COVID19Cases,vaccine,all,intermediate,2021-11-10_07-50-19
202128,female,partially_vaccinated,5,262,274470,1.82,NA,CHFL,COVID19Cases,vaccine,all,intermediate,2021-11-10_07-50-19
202128,female,not_vaccinated,26,1586,2006005,1.3,NA,CHFL,COVID19Cases,vaccine,all,intermediate,2021-11-10_07-50-19
202128,female,unknown,1699,93525,NA,NA,NA,CHFL,COVID19Cases,vaccine,all,intermediate,2021-11-10_07-50-19
202128,male,fully_vaccinated,28,284,1977776,1.42,NA,CHFL,COVID19Cases,vaccine,all,intermediate,2021-11-10_07-50-19
202128,male,partially_vaccinated,6,243,293503,2.04,NA,CHFL,COVID19Cases,vaccine,all,intermediate,2021-11-10_07-50-19
202128,male,not_vaccinated,30,1926,2050688,1.46,NA,CHFL,COVID19Cases,vaccine,all,intermediate,2021-11-10_07-50-19
202128,male,unknown,1987,93185,NA,NA,NA,CHFL,COVID19Cases,vaccine,all,intermediate,2021-11-10_07-50-19
202128,unknown,fully_vaccinated,0,1,1069,0,NA,CHFL,COVID19Cases,vaccine,all,intermediate,2021-11-10_07-50-19
202128,unknown,partially_vaccinated,0,0,394,0,NA,CHFL,COVID19Cases,vaccine,all,intermediate,2021-11-10_07-50-19
202128,unknown,not_vaccinated,0,0,NA,NA,NA,CHFL,COVID19Cases,vaccine,all,intermediate,2021-11-10_07-50-19
202128,unknown,unknown,0,56,NA,NA,NA,CHFL,COVID19Cases,vaccine,all,intermediate,2021-11-10_07-50-19
202129,female,fully_vaccinated,62,423,2214049,2.8,NA,CHFL,COVID19Cases,vaccine,all,intermediate,2021-11-10_07-50-19
202129,female,partially_vaccinated,8,270,202311,3.95,NA,CHFL,COVID19Cases,vaccine,all,intermediate,2021-11-10_07-50-19
202129,female,not_vaccinated,26,1612,1971028,1.32,NA,CHFL,COVID19Cases,vaccine,all,intermediate,2021-11-10_07-50-19
202129,female,unknown,2299,95824,NA,NA,NA,CHFL,COVID19Cases,vaccine,all,intermediate,2021-11-10_07-50-19
202129,male,fully_vaccinated,43,327,2099089,2.05,NA,CHFL,COVID19Cases,vaccine,all,intermediate,2021-11-10_07-50-19
202129,male,partially_vaccinated,7,250,208338,3.36,NA,CHFL,COVID19Cases,vaccine,all,intermediate,2021-11-10_07-50-19
202129,male,not_vaccinated,35,1961,2014540,1.74,NA,CHFL,COVID19Cases,vaccine,all,intermediate,2021-11-10_07-50-19
202129,male,unknown,2487,95672,NA,NA,NA,CHFL,COVID19Cases,vaccine,all,intermediate,2021-11-10_07-50-19
202129,unknown,fully_vaccinated,0,1,1211,0,NA,CHFL,COVID19Cases,vaccine,all,intermediate,2021-11-10_07-50-19
202129,unknown,partially_vaccinated,0,0,285,0,NA,CHFL,COVID19Cases,vaccine,all,intermediate,2021-11-10_07-50-19
202129,unknown,not_vaccinated,0,0,NA,NA,NA,CHFL,COVID19Cases,vaccine,all,intermediate,2021-11-10_07-50-19
202129,unknown,unknown,0,56,NA,NA,NA,CHFL,COVID19Cases,vaccine,all,intermediate,2021-11-10_07-50-19
202130,female,fully_vaccinated,83,506,2274239,3.65,NA,CHFL,COVID19Cases,vaccine,all,intermediate,2021-11-10_07-50-19
202130,female,partially_vaccinated,13,283,174895,7.43,NA,CHFL,COVID19Cases,vaccine,all,intermediate,2021-11-10_07-50-19
202130,female,not_vaccinated,48,1660,1938254,2.48,NA,CHFL,COVID19Cases,vaccine,all,intermediate,2021-11-10_07-50-19
202130,female,unknown,2372,98196,NA,NA,NA,CHFL,COVID19Cases,vaccine,all,intermediate,2021-11-10_07-50-19
202130,male,fully_vaccinated,66,393,2164512,3.05,NA,CHFL,COVID19Cases,vaccine,all,intermediate,2021-11-10_07-50-19
202130,male,partially_vaccinated,12,262,177065,6.78,NA,CHFL,COVID19Cases,vaccine,all,intermediate,2021-11-10_07-50-19
202130,male,not_vaccinated,61,2022,1980390,3.08,NA,CHFL,COVID19Cases,vaccine,all,intermediate,2021-11-10_07-50-19
202130,male,unknown,2597,98269,NA,NA,NA,CHFL,COVID19Cases,vaccine,all,intermediate,2021-11-10_07-50-19
202130,unknown,fully_vaccinated,0,1,1292,0,NA,CHFL,COVID19Cases,vaccine,all,intermediate,2021-11-10_07-50-19
202130,unknown,partially_vaccinated,0,0,240,0,NA,CHFL,COVID19Cases,vaccine,all,intermediate,2021-11-10_07-50-19
202130,unknown,not_vaccinated,0,0,NA,NA,NA,CHFL,COVID19Cases,vaccine,all,intermediate,2021-11-10_07-50-19
202130,unknown,unknown,11,67,NA,NA,NA,CHFL,COVID19Cases,vaccine,all,intermediate,2021-11-10_07-50-19
202131,female,fully_vaccinated,116,622,2316360,5.01,NA,CHFL,COVID19Cases,vaccine,all,intermediate,2021-11-10_07-50-19
202131,female,partially_vaccinated,17,300,159369,10.67,NA,CHFL,COVID19Cases,vaccine,all,intermediate,2021-11-10_07-50-19
202131,female,not_vaccinated,96,1756,1911659,5.02,NA,CHFL,COVID19Cases,vaccine,all,intermediate,2021-11-10_07-50-19
202131,female,unknown,3459,101655,NA,NA,NA,CHFL,COVID19Cases,vaccine,all,intermediate,2021-11-10_07-50-19
202131,male,fully_vaccinated,113,506,2208961,5.12,NA,CHFL,COVID19Cases,vaccine,all,intermediate,2021-11-10_07-50-19
202131,male,partially_vaccinated,13,275,160636,8.09,NA,CHFL,COVID19Cases,vaccine,all,intermediate,2021-11-10_07-50-19
202131,male,not_vaccinated,90,2112,1952370,4.61,NA,CHFL,COVID19Cases,vaccine,all,intermediate,2021-11-10_07-50-19
202131,male,unknown,3729,101998,NA,NA,NA,CHFL,COVID19Cases,vaccine,all,intermediate,2021-11-10_07-50-19
202131,unknown,fully_vaccinated,0,1,1338,0,NA,CHFL,COVID19Cases,vaccine,all,intermediate,2021-11-10_07-50-19
202131,unknown,partially_vaccinated,0,0,210,0,NA,CHFL,COVID19Cases,vaccine,all,intermediate,2021-11-10_07-50-19
202131,unknown,not_vaccinated,0,0,NA,NA,NA,CHFL,COVID19Cases,vaccine,all,intermediate,2021-11-10_07-50-19
202131,unknown,unknown,1,68,NA,NA,NA,CHFL,COVID19Cases,vaccine,all,intermediate,2021-11-10_07-50-19
202132,female,fully_vaccinated,198,820,2354308,8.41,NA,CHFL,COVID19Cases,vaccine,all,intermediate,2021-11-10_07-50-19
202132,female,partially_vaccinated,23,323,152791,15.05,NA,CHFL,COVID19Cases,vaccine,all,intermediate,2021-11-10_07-50-19
202132,female,not_vaccinated,179,1935,1880289,9.52,NA,CHFL,COVID19Cases,vaccine,all,intermediate,2021-11-10_07-50-19
202132,female,unknown,6615,108270,NA,NA,NA,CHFL,COVID19Cases,vaccine,all,intermediate,2021-11-10_07-50-19
202132,male,fully_vaccinated,151,657,2248123,6.72,NA,CHFL,COVID19Cases,vaccine,all,intermediate,2021-11-10_07-50-19
202132,male,partially_vaccinated,24,299,153669,15.62,NA,CHFL,COVID19Cases,vaccine,all,intermediate,2021-11-10_07-50-19
202132,male,not_vaccinated,188,2300,1920175,9.79,NA,CHFL,COVID19Cases,vaccine,all,intermediate,2021-11-10_07-50-19
202132,male,unknown,6825,108823,NA,NA,NA,CHFL,COVID19Cases,vaccine,all,intermediate,2021-11-10_07-50-19
202132,unknown,fully_vaccinated,0,1,1370,0,NA,CHFL,COVID19Cases,vaccine,all,intermediate,2021-11-10_07-50-19
202132,unknown,partially_vaccinated,0,0,203,0,NA,CHFL,COVID19Cases,vaccine,all,intermediate,2021-11-10_07-50-19
202132,unknown,not_vaccinated,0,0,NA,NA,NA,CHFL,COVID19Cases,vaccine,all,intermediate,2021-11-10_07-50-19
202132,unknown,unknown,7,75,NA,NA,NA,CHFL,COVID19Cases,vaccine,all,intermediate,2021-11-10_07-50-19
202133,female,fully_vaccinated,242,1062,2392021,10.12,NA,CHFL,COVID19Cases,vaccine,all,intermediate,2021-11-10_07-50-19
202133,female,partially_vaccinated,33,356,151724,21.75,NA,CHFL,COVID19Cases,vaccine,all,intermediate,2021-11-10_07-50-19
202133,female,not_vaccinated,199,2134,1843643,10.79,NA,CHFL,COVID19Cases,vaccine,all,intermediate,2021-11-10_07-50-19
202133,female,unknown,8585,116855,NA,NA,NA,CHFL,COVID19Cases,vaccine,all,intermediate,2021-11-10_07-50-19
202133,male,fully_vaccinated,190,847,2287149,8.31,NA,CHFL,COVID19Cases,vaccine,all,intermediate,2021-11-10_07-50-19
202133,male,partially_vaccinated,45,344,151535,29.7,NA,CHFL,COVID19Cases,vaccine,all,intermediate,2021-11-10_07-50-19
202133,male,not_vaccinated,223,2523,1883283,11.84,NA,CHFL,COVID19Cases,vaccine,all,intermediate,2021-11-10_07-50-19
202133,male,unknown,8494,117317,NA,NA,NA,CHFL,COVID19Cases,vaccine,all,intermediate,2021-11-10_07-50-19
202133,unknown,fully_vaccinated,0,1,1399,0,NA,CHFL,COVID19Cases,vaccine,all,intermediate,2021-11-10_07-50-19
202133,unknown,partially_vaccinated,0,0,208,0,NA,CHFL,COVID19Cases,vaccine,all,intermediate,2021-11-10_07-50-19
202133,unknown,not_vaccinated,0,0,NA,NA,NA,CHFL,COVID19Cases,vaccine,all,intermediate,2021-11-10_07-50-19
202133,unknown,unknown,3,78,NA,NA,NA,CHFL,COVID19Cases,vaccine,all,intermediate,2021-11-10_07-50-19
202134,female,fully_vaccinated,198,1260,2428860,8.15,NA,CHFL,COVID19Cases,vaccine,all,intermediate,2021-11-10_07-50-19
202134,female,partially_vaccinated,30,386,161897,18.53,NA,CHFL,COVID19Cases,vaccine,all,intermediate,2021-11-10_07-50-19
202134,female,not_vaccinated,156,2290,1796631,8.68,NA,CHFL,COVID19Cases,vaccine,all,intermediate,2021-11-10_07-50-19
202134,female,unknown,8559,125414,NA,NA,NA,CHFL,COVID19Cases,vaccine,all,intermediate,2021-11-10_07-50-19
202134,male,fully_vaccinated,180,1027,2325263,7.74,NA,CHFL,COVID19Cases,vaccine,all,intermediate,2021-11-10_07-50-19
202134,male,partially_vaccinated,29,373,159728,18.16,NA,CHFL,COVID19Cases,vaccine,all,intermediate,2021-11-10_07-50-19
202134,male,not_vaccinated,228,2751,1836976,12.41,NA,CHFL,COVID19Cases,vaccine,all,intermediate,2021-11-10_07-50-19
202134,male,unknown,8540,125857,NA,NA,NA,CHFL,COVID19Cases,vaccine,all,intermediate,2021-11-10_07-50-19
202134,unknown,fully_vaccinated,1,2,1433,69.78,NA,CHFL,COVID19Cases,vaccine,all,intermediate,2021-11-10_07-50-19
202134,unknown,partially_vaccinated,0,0,212,0,NA,CHFL,COVID19Cases,vaccine,all,intermediate,2021-11-10_07-50-19
202134,unknown,not_vaccinated,0,0,NA,NA,NA,CHFL,COVID19Cases,vaccine,all,intermediate,2021-11-10_07-50-19
202134,unknown,unknown,2,80,NA,NA,NA,CHFL,COVID19Cases,vaccine,all,intermediate,2021-11-10_07-50-19
202135,female,fully_vaccinated,214,1474,2459232,8.7,NA,CHFL,COVID19Cases,vaccine,all,intermediate,2021-11-10_07-50-19
202135,female,partially_vaccinated,22,408,183201,12.01,NA,CHFL,COVID19Cases,vaccine,all,intermediate,2021-11-10_07-50-19
202135,female,not_vaccinated,145,2435,1744955,8.31,NA,CHFL,COVID19Cases,vaccine,all,intermediate,2021-11-10_07-50-19
202135,female,unknown,9159,134573,NA,NA,NA,CHFL,COVID19Cases,vaccine,all,intermediate,2021-11-10_07-50-19
202135,male,fully_vaccinated,185,1212,2356740,7.85,NA,CHFL,COVID19Cases,vaccine,all,intermediate,2021-11-10_07-50-19
202135,male,partially_vaccinated,30,403,179640,16.7,NA,CHFL,COVID19Cases,vaccine,all,intermediate,2021-11-10_07-50-19
202135,male,not_vaccinated,157,2908,1785587,8.79,NA,CHFL,COVID19Cases,vaccine,all,intermediate,2021-11-10_07-50-19
202135,male,unknown,8910,134767,NA,NA,NA,CHFL,COVID19Cases,vaccine,all,intermediate,2021-11-10_07-50-19
202135,unknown,fully_vaccinated,1,3,1457,68.63,NA,CHFL,COVID19Cases,vaccine,all,intermediate,2021-11-10_07-50-19
202135,unknown,partially_vaccinated,0,0,224,0,NA,CHFL,COVID19Cases,vaccine,all,intermediate,2021-11-10_07-50-19
202135,unknown,not_vaccinated,0,0,NA,NA,NA,CHFL,COVID19Cases,vaccine,all,intermediate,2021-11-10_07-50-19
202135,unknown,unknown,8,88,NA,NA,NA,CHFL,COVID19Cases,vaccine,all,intermediate,2021-11-10_07-50-19
202136,female,fully_vaccinated,193,1667,2495078,7.74,NA,CHFL,COVID19Cases,vaccine,all,intermediate,2021-11-10_07-50-19
202136,female,partially_vaccinated,22,430,212282,10.36,NA,CHFL,COVID19Cases,vaccine,all,intermediate,2021-11-10_07-50-19
202136,female,not_vaccinated,138,2573,1680028,8.21,NA,CHFL,COVID19Cases,vaccine,all,intermediate,2021-11-10_07-50-19
202136,female,unknown,8764,143337,NA,NA,NA,CHFL,COVID19Cases,vaccine,all,intermediate,2021-11-10_07-50-19
202136,male,fully_vaccinated,169,1381,2393370,7.06,NA,CHFL,COVID19Cases,vaccine,all,intermediate,2021-11-10_07-50-19
202136,male,partially_vaccinated,28,431,211653,13.23,NA,CHFL,COVID19Cases,vaccine,all,intermediate,2021-11-10_07-50-19
202136,male,not_vaccinated,125,3033,1716944,7.28,NA,CHFL,COVID19Cases,vaccine,all,intermediate,2021-11-10_07-50-19
202136,male,unknown,8743,143510,NA,NA,NA,CHFL,COVID19Cases,vaccine,all,intermediate,2021-11-10_07-50-19
202136,unknown,fully_vaccinated,0,3,1483,0,NA,CHFL,COVID19Cases,vaccine,all,intermediate,2021-11-10_07-50-19
202136,unknown,partially_vaccinated,0,0,255,0,NA,CHFL,COVID19Cases,vaccine,all,intermediate,2021-11-10_07-50-19
202136,unknown,not_vaccinated,0,0,NA,NA,NA,CHFL,COVID19Cases,vaccine,all,intermediate,2021-11-10_07-50-19
202136,unknown,unknown,7,95,NA,NA,NA,CHFL,COVID19Cases,vaccine,all,intermediate,2021-11-10_07-50-19
202137,female,fully_vaccinated,128,1795,2539182,5.04,NA,CHFL,COVID19Cases,vaccine,all,intermediate,2021-11-10_07-50-19
202137,female,partially_vaccinated,28,458,240234,11.66,NA,CHFL,COVID19Cases,vaccine,all,intermediate,2021-11-10_07-50-19
202137,female,not_vaccinated,85,2658,1607972,5.29,NA,CHFL,COVID19Cases,vaccine,all,intermediate,2021-11-10_07-50-19
202137,female,unknown,6180,149517,NA,NA,NA,CHFL,COVID19Cases,vaccine,all,intermediate,2021-11-10_07-50-19
202137,male,fully_vaccinated,131,1512,2437907,5.37,NA,CHFL,COVID19Cases,vaccine,all,intermediate,2021-11-10_07-50-19
202137,male,partially_vaccinated,22,453,245703,8.95,NA,CHFL,COVID19Cases,vaccine,all,intermediate,2021-11-10_07-50-19
202137,male,not_vaccinated,113,3146,1638357,6.9,NA,CHFL,COVID19Cases,vaccine,all,intermediate,2021-11-10_07-50-19
202137,male,unknown,6057,149567,NA,NA,NA,CHFL,COVID19Cases,vaccine,all,intermediate,2021-11-10_07-50-19
202137,unknown,fully_vaccinated,0,3,1522,0,NA,CHFL,COVID19Cases,vaccine,all,intermediate,2021-11-10_07-50-19
202137,unknown,partially_vaccinated,0,0,305,0,NA,CHFL,COVID19Cases,vaccine,all,intermediate,2021-11-10_07-50-19
202137,unknown,not_vaccinated,0,0,NA,NA,NA,CHFL,COVID19Cases,vaccine,all,intermediate,2021-11-10_07-50-19
202137,unknown,unknown,5,100,NA,NA,NA,CHFL,COVID19Cases,vaccine,all,intermediate,2021-11-10_07-50-19
202138,female,fully_vaccinated,123,1918,2587573,4.75,NA,CHFL,COVID19Cases,vaccine,all,intermediate,2021-11-10_07-50-19
202138,female,partially_vaccinated,14,472,245304,5.71,NA,CHFL,COVID19Cases,vaccine,all,intermediate,2021-11-10_07-50-19
202138,female,not_vaccinated,72,2730,1554511,4.63,NA,CHFL,COVID19Cases,vaccine,all,intermediate,2021-11-10_07-50-19
202138,female,unknown,4477,153994,NA,NA,NA,CHFL,COVID19Cases,vaccine,all,intermediate,2021-11-10_07-50-19
202138,male,fully_vaccinated,102,1614,2486092,4.1,NA,CHFL,COVID19Cases,vaccine,all,intermediate,2021-11-10_07-50-19
202138,male,partially_vaccinated,17,470,255552,6.65,NA,CHFL,COVID19Cases,vaccine,all,intermediate,2021-11-10_07-50-19
202138,male,not_vaccinated,75,3221,1580323,4.75,NA,CHFL,COVID19Cases,vaccine,all,intermediate,2021-11-10_07-50-19
202138,male,unknown,4463,154030,NA,NA,NA,CHFL,COVID19Cases,vaccine,all,intermediate,2021-11-10_07-50-19
202138,unknown,fully_vaccinated,0,3,1563,0,NA,CHFL,COVID19Cases,vaccine,all,intermediate,2021-11-10_07-50-19
202138,unknown,partially_vaccinated,0,0,316,0,NA,CHFL,COVID19Cases,vaccine,all,intermediate,2021-11-10_07-50-19
202138,unknown,not_vaccinated,1,1,NA,NA,NA,CHFL,COVID19Cases,vaccine,all,intermediate,2021-11-10_07-50-19
202138,unknown,unknown,4,104,NA,NA,NA,CHFL,COVID19Cases,vaccine,all,intermediate,2021-11-10_07-50-19
202139,female,fully_vaccinated,113,2031,2637937,4.28,NA,CHFL,COVID19Cases,vaccine,all,intermediate,2021-11-10_07-50-19
202139,female,partially_vaccinated,11,483,229934,4.78,NA,CHFL,COVID19Cases,vaccine,all,intermediate,2021-11-10_07-50-19
202139,female,not_vaccinated,53,2783,1519517,3.49,NA,CHFL,COVID19Cases,vaccine,all,intermediate,2021-11-10_07-50-19
202139,female,unknown,3819,157813,NA,NA,NA,CHFL,COVID19Cases,vaccine,all,intermediate,2021-11-10_07-50-19
202139,male,fully_vaccinated,80,1694,2536214,3.15,NA,CHFL,COVID19Cases,vaccine,all,intermediate,2021-11-10_07-50-19
202139,male,partially_vaccinated,14,484,241963,5.79,NA,CHFL,COVID19Cases,vaccine,all,intermediate,2021-11-10_07-50-19
202139,male,not_vaccinated,47,3268,1543790,3.04,NA,CHFL,COVID19Cases,vaccine,all,intermediate,2021-11-10_07-50-19
202139,male,unknown,3508,157538,NA,NA,NA,CHFL,COVID19Cases,vaccine,all,intermediate,2021-11-10_07-50-19
202139,unknown,fully_vaccinated,0,3,1593,0,NA,CHFL,COVID19Cases,vaccine,all,intermediate,2021-11-10_07-50-19
202139,unknown,partially_vaccinated,0,0,320,0,NA,CHFL,COVID19Cases,vaccine,all,intermediate,2021-11-10_07-50-19
202139,unknown,not_vaccinated,0,1,NA,NA,NA,CHFL,COVID19Cases,vaccine,all,intermediate,2021-11-10_07-50-19
202139,unknown,unknown,1,105,NA,NA,NA,CHFL,COVID19Cases,vaccine,all,intermediate,2021-11-10_07-50-19
202140,female,fully_vaccinated,122,2153,2695267,4.53,NA,CHFL,COVID19Cases,vaccine,all,intermediate,2021-11-10_07-50-19
202140,female,partially_vaccinated,2,485,198266,1.01,NA,CHFL,COVID19Cases,vaccine,all,intermediate,2021-11-10_07-50-19
202140,female,not_vaccinated,55,2838,1493855,3.68,NA,CHFL,COVID19Cases,vaccine,all,intermediate,2021-11-10_07-50-19
202140,female,unknown,3088,160901,NA,NA,NA,CHFL,COVID19Cases,vaccine,all,intermediate,2021-11-10_07-50-19
202140,male,fully_vaccinated,93,1787,2597172,3.58,NA,CHFL,COVID19Cases,vaccine,all,intermediate,2021-11-10_07-50-19
202140,male,partially_vaccinated,9,493,208009,4.33,NA,CHFL,COVID19Cases,vaccine,all,intermediate,2021-11-10_07-50-19
202140,male,not_vaccinated,44,3312,1516786,2.9,NA,CHFL,COVID19Cases,vaccine,all,intermediate,2021-11-10_07-50-19
202140,male,unknown,2958,160496,NA,NA,NA,CHFL,COVID19Cases,vaccine,all,intermediate,2021-11-10_07-50-19
202140,unknown,fully_vaccinated,1,4,1687,59.28,NA,CHFL,COVID19Cases,vaccine,all,intermediate,2021-11-10_07-50-19
202140,unknown,partially_vaccinated,0,0,256,0,NA,CHFL,COVID19Cases,vaccine,all,intermediate,2021-11-10_07-50-19
202140,unknown,not_vaccinated,0,1,NA,NA,NA,CHFL,COVID19Cases,vaccine,all,intermediate,2021-11-10_07-50-19
202140,unknown,unknown,0,105,NA,NA,NA,CHFL,COVID19Cases,vaccine,all,intermediate,2021-11-10_07-50-19
202141,female,fully_vaccinated,94,2247,2758081,3.41,NA,CHFL,COVID19Cases,vaccine,all,intermediate,2021-11-10_07-50-19
202141,female,partially_vaccinated,5,490,158093,3.16,NA,CHFL,COVID19Cases,vaccine,all,intermediate,2021-11-10_07-50-19
202141,female,not_vaccinated,48,2886,1471214,3.26,NA,CHFL,COVID19Cases,vaccine,all,intermediate,2021-11-10_07-50-19
202141,female,unknown,3249,164150,NA,NA,NA,CHFL,COVID19Cases,vaccine,all,intermediate,2021-11-10_07-50-19
202141,male,fully_vaccinated,76,1863,2666583,2.85,NA,CHFL,COVID19Cases,vaccine,all,intermediate,2021-11-10_07-50-19
202141,male,partially_vaccinated,4,497,163287,2.45,NA,CHFL,COVID19Cases,vaccine,all,intermediate,2021-11-10_07-50-19
202141,male,not_vaccinated,43,3355,1492097,2.88,NA,CHFL,COVID19Cases,vaccine,all,intermediate,2021-11-10_07-50-19
202141,male,unknown,2920,163416,NA,NA,NA,CHFL,COVID19Cases,vaccine,all,intermediate,2021-11-10_07-50-19
202141,unknown,fully_vaccinated,0,4,1746,0,NA,CHFL,COVID19Cases,vaccine,all,intermediate,2021-11-10_07-50-19
202141,unknown,partially_vaccinated,0,0,237,0,NA,CHFL,COVID19Cases,vaccine,all,intermediate,2021-11-10_07-50-19
202141,unknown,not_vaccinated,0,1,NA,NA,NA,CHFL,COVID19Cases,vaccine,all,intermediate,2021-11-10_07-50-19
202141,unknown,unknown,3,108,NA,NA,NA,CHFL,COVID19Cases,vaccine,all,intermediate,2021-11-10_07-50-19
202142,female,fully_vaccinated,87,2334,2811511,3.09,NA,CHFL,COVID19Cases,vaccine,all,intermediate,2021-11-10_07-50-19
202142,female,partially_vaccinated,1,491,122824,0.81,NA,CHFL,COVID19Cases,vaccine,all,intermediate,2021-11-10_07-50-19
202142,female,not_vaccinated,46,2932,1453053,3.17,NA,CHFL,COVID19Cases,vaccine,all,intermediate,2021-11-10_07-50-19
202142,female,unknown,4351,168501,NA,NA,NA,CHFL,COVID19Cases,vaccine,all,intermediate,2021-11-10_07-50-19
202142,male,fully_vaccinated,97,1960,2725405,3.56,NA,CHFL,COVID19Cases,vaccine,all,intermediate,2021-11-10_07-50-19
202142,male,partially_vaccinated,5,502,123920,4.03,NA,CHFL,COVID19Cases,vaccine,all,intermediate,2021-11-10_07-50-19
202142,male,not_vaccinated,50,3405,1472642,3.4,NA,CHFL,COVID19Cases,vaccine,all,intermediate,2021-11-10_07-50-19
202142,male,unknown,4089,167505,NA,NA,NA,CHFL,COVID19Cases,vaccine,all,intermediate,2021-11-10_07-50-19
202142,unknown,fully_vaccinated,0,4,1785,0,NA,CHFL,COVID19Cases,vaccine,all,intermediate,2021-11-10_07-50-19
202142,unknown,partially_vaccinated,0,0,217,0,NA,CHFL,COVID19Cases,vaccine,all,intermediate,2021-11-10_07-50-19
202142,unknown,not_vaccinated,0,1,NA,NA,NA,CHFL,COVID19Cases,vaccine,all,intermediate,2021-11-10_07-50-19
202142,unknown,unknown,4,112,NA,NA,NA,CHFL,COVID19Cases,vaccine,all,intermediate,2021-11-10_07-50-19
202143,female,fully_vaccinated,59,2393,2847763,2.07,NA,CHFL,COVID19Cases,vaccine,all,intermediate,2021-11-10_07-50-19
202143,female,partially_vaccinated,3,494,100598,2.98,NA,CHFL,COVID19Cases,vaccine,all,intermediate,2021-11-10_07-50-19
202143,female,not_vaccinated,59,2991,1439027,4.1,NA,CHFL,COVID19Cases,vaccine,all,intermediate,2021-11-10_07-50-19
202143,female,unknown,5802,174303,NA,NA,NA,CHFL,COVID19Cases,vaccine,all,intermediate,2021-11-10_07-50-19
202143,male,fully_vaccinated,73,2033,2764767,2.64,NA,CHFL,COVID19Cases,vaccine,all,intermediate,2021-11-10_07-50-19
202143,male,partially_vaccinated,4,506,99250,4.03,NA,CHFL,COVID19Cases,vaccine,all,intermediate,2021-11-10_07-50-19
202143,male,not_vaccinated,72,3477,1457950,4.94,NA,CHFL,COVID19Cases,vaccine,all,intermediate,2021-11-10_07-50-19
202143,male,unknown,5485,172990,NA,NA,NA,CHFL,COVID19Cases,vaccine,all,intermediate,2021-11-10_07-50-19
202143,unknown,fully_vaccinated,0,4,1829,0,NA,CHFL,COVID19Cases,vaccine,all,intermediate,2021-11-10_07-50-19
202143,unknown,partially_vaccinated,0,0,186,0,NA,CHFL,COVID19Cases,vaccine,all,intermediate,2021-11-10_07-50-19
202143,unknown,not_vaccinated,0,1,NA,NA,NA,CHFL,COVID19Cases,vaccine,all,intermediate,2021-11-10_07-50-19
202143,unknown,unknown,5,117,NA,NA,NA,CHFL,COVID19Cases,vaccine,all,intermediate,2021-11-10_07-50-19
202144,female,fully_vaccinated,80,2473,2872099,2.79,NA,CHFL,COVID19Cases,vaccine,all,intermediate,2021-11-10_07-50-19
202144,female,partially_vaccinated,6,500,88345,6.79,NA,CHFL,COVID19Cases,vaccine,all,intermediate,2021-11-10_07-50-19
202144,female,not_vaccinated,57,3048,1426944,3.99,NA,CHFL,COVID19Cases,vaccine,all,intermediate,2021-11-10_07-50-19
202144,female,unknown,8738,183041,NA,NA,NA,CHFL,COVID19Cases,vaccine,all,intermediate,2021-11-10_07-50-19
202144,male,fully_vaccinated,56,2089,2791432,2.01,NA,CHFL,COVID19Cases,vaccine,all,intermediate,2021-11-10_07-50-19
202144,male,partially_vaccinated,6,512,85746,7,NA,CHFL,COVID19Cases,vaccine,all,intermediate,2021-11-10_07-50-19
202144,male,not_vaccinated,55,3532,1444789,3.81,NA,CHFL,COVID19Cases,vaccine,all,intermediate,2021-11-10_07-50-19
202144,male,unknown,8267,181257,NA,NA,NA,CHFL,COVID19Cases,vaccine,all,intermediate,2021-11-10_07-50-19
202144,unknown,fully_vaccinated,0,4,1861,0,NA,CHFL,COVID19Cases,vaccine,all,intermediate,2021-11-10_07-50-19
202144,unknown,partially_vaccinated,0,0,169,0,NA,CHFL,COVID19Cases,vaccine,all,intermediate,2021-11-10_07-50-19
202144,unknown,not_vaccinated,0,1,NA,NA,NA,CHFL,COVID19Cases,vaccine,all,intermediate,2021-11-10_07-50-19
202144,unknown,unknown,9,126,NA,NA,NA,CHFL,COVID19Cases,vaccine,all,intermediate,2021-11-10_07-50-19
202104,all,fully_vaccinated,1,1,15358,6.51,NA,CHFL,COVID19Cases,vaccine,all,limited,2021-11-10_07-50-19
202104,all,partially_vaccinated,8,8,277742,2.88,NA,CHFL,COVID19Cases,vaccine,all,limited,2021-11-10_07-50-19
202104,all,not_vaccinated,107,107,8416255,1.27,NA,CHFL,COVID19Cases,vaccine,all,limited,2021-11-10_07-50-19
202104,all,unknown,7084,7084,NA,NA,NA,CHFL,COVID19Cases,vaccine,all,limited,2021-11-10_07-50-19
202105,all,fully_vaccinated,3,4,46850,6.4,NA,CHFL,COVID19Cases,vaccine,all,limited,2021-11-10_07-50-19
202105,all,partially_vaccinated,29,37,314726,9.21,NA,CHFL,COVID19Cases,vaccine,all,limited,2021-11-10_07-50-19
202105,all,not_vaccinated,170,277,8347779,2.04,NA,CHFL,COVID19Cases,vaccine,all,limited,2021-11-10_07-50-19
202105,all,unknown,9884,16968,NA,NA,NA,CHFL,COVID19Cases,vaccine,all,limited,2021-11-10_07-50-19
202106,all,fully_vaccinated,2,6,103162,1.94,NA,CHFL,COVID19Cases,vaccine,all,limited,2021-11-10_07-50-19
202106,all,partially_vaccinated,31,68,336066,9.22,NA,CHFL,COVID19Cases,vaccine,all,limited,2021-11-10_07-50-19
202106,all,not_vaccinated,157,434,8270127,1.9,NA,CHFL,COVID19Cases,vaccine,all,limited,2021-11-10_07-50-19
202106,all,unknown,7690,24658,NA,NA,NA,CHFL,COVID19Cases,vaccine,all,limited,2021-11-10_07-50-19
202107,all,fully_vaccinated,7,13,175445,3.99,NA,CHFL,COVID19Cases,vaccine,all,limited,2021-11-10_07-50-19
202107,all,partially_vaccinated,25,93,322468,7.75,NA,CHFL,COVID19Cases,vaccine,all,limited,2021-11-10_07-50-19
202107,all,not_vaccinated,131,565,8211442,1.6,NA,CHFL,COVID19Cases,vaccine,all,limited,2021-11-10_07-50-19
202107,all,unknown,6817,31475,NA,NA,NA,CHFL,COVID19Cases,vaccine,all,limited,2021-11-10_07-50-19
202108,all,fully_vaccinated,13,26,265407,4.9,NA,CHFL,COVID19Cases,vaccine,all,limited,2021-11-10_07-50-19
202108,all,partially_vaccinated,22,115,281095,7.83,NA,CHFL,COVID19Cases,vaccine,all,limited,2021-11-10_07-50-19
202108,all,not_vaccinated,156,721,8162853,1.91,NA,CHFL,COVID19Cases,vaccine,all,limited,2021-11-10_07-50-19
202108,all,unknown,7050,38525,NA,NA,NA,CHFL,COVID19Cases,vaccine,all,limited,2021-11-10_07-50-19
202109,all,fully_vaccinated,8,34,342158,2.34,NA,CHFL,COVID19Cases,vaccine,all,limited,2021-11-10_07-50-19
202109,all,partially_vaccinated,20,135,279530,7.15,NA,CHFL,COVID19Cases,vaccine,all,limited,2021-11-10_07-50-19
202109,all,not_vaccinated,146,867,8087667,1.81,NA,CHFL,COVID19Cases,vaccine,all,limited,2021-11-10_07-50-19
202109,all,unknown,7420,45945,NA,NA,NA,CHFL,COVID19Cases,vaccine,all,limited,2021-11-10_07-50-19
202110,all,fully_vaccinated,24,58,404391,5.93,NA,CHFL,COVID19Cases,vaccine,all,limited,2021-11-10_07-50-19
202110,all,partially_vaccinated,16,151,307319,5.21,NA,CHFL,COVID19Cases,vaccine,all,limited,2021-11-10_07-50-19
202110,all,not_vaccinated,168,1035,7997645,2.1,NA,CHFL,COVID19Cases,vaccine,all,limited,2021-11-10_07-50-19
202110,all,unknown,8596,54541,NA,NA,NA,CHFL,COVID19Cases,vaccine,all,limited,2021-11-10_07-50-19
202111,all,fully_vaccinated,28,86,478183,5.86,NA,CHFL,COVID19Cases,vaccine,all,limited,2021-11-10_07-50-19
202111,all,partially_vaccinated,21,172,311256,6.75,NA,CHFL,COVID19Cases,vaccine,all,limited,2021-11-10_07-50-19
202111,all,not_vaccinated,203,1238,7919916,2.56,NA,CHFL,COVID19Cases,vaccine,all,limited,2021-11-10_07-50-19
202111,all,unknown,10257,64798,NA,NA,NA,CHFL,COVID19Cases,vaccine,all,limited,2021-11-10_07-50-19
202112,all,fully_vaccinated,27,113,547618,4.93,NA,CHFL,COVID19Cases,vaccine,all,limited,2021-11-10_07-50-19
202112,all,partially_vaccinated,11,183,355489,3.09,NA,CHFL,COVID19Cases,vaccine,all,limited,2021-11-10_07-50-19
202112,all,not_vaccinated,266,1504,7806248,3.41,NA,CHFL,COVID19Cases,vaccine,all,limited,2021-11-10_07-50-19
202112,all,unknown,12263,77061,NA,NA,NA,CHFL,COVID19Cases,vaccine,all,limited,2021-11-10_07-50-19
202113,all,fully_vaccinated,42,155,614232,6.84,NA,CHFL,COVID19Cases,vaccine,all,limited,2021-11-10_07-50-19
202113,all,partially_vaccinated,17,200,398135,4.27,NA,CHFL,COVID19Cases,vaccine,all,limited,2021-11-10_07-50-19
202113,all,not_vaccinated,264,1768,7696988,3.43,NA,CHFL,COVID19Cases,vaccine,all,limited,2021-11-10_07-50-19
202113,all,unknown,11999,89060,NA,NA,NA,CHFL,COVID19Cases,vaccine,all,limited,2021-11-10_07-50-19
202114,all,fully_vaccinated,43,198,701946,6.13,NA,CHFL,COVID19Cases,vaccine,all,limited,2021-11-10_07-50-19
202114,all,partially_vaccinated,29,229,434746,6.67,NA,CHFL,COVID19Cases,vaccine,all,limited,2021-11-10_07-50-19
202114,all,not_vaccinated,254,2022,7572663,3.35,NA,CHFL,COVID19Cases,vaccine,all,limited,2021-11-10_07-50-19
202114,all,unknown,13870,102930,NA,NA,NA,CHFL,COVID19Cases,vaccine,all,limited,2021-11-10_07-50-19
202115,all,fully_vaccinated,45,243,787263,5.72,NA,CHFL,COVID19Cases,vaccine,all,limited,2021-11-10_07-50-19
202115,all,partially_vaccinated,26,255,562296,4.62,NA,CHFL,COVID19Cases,vaccine,all,limited,2021-11-10_07-50-19
202115,all,not_vaccinated,283,2305,7359796,3.85,NA,CHFL,COVID19Cases,vaccine,all,limited,2021-11-10_07-50-19
202115,all,unknown,13796,116726,NA,NA,NA,CHFL,COVID19Cases,vaccine,all,limited,2021-11-10_07-50-19
202116,all,fully_vaccinated,45,288,897913,5.01,NA,CHFL,COVID19Cases,vaccine,all,limited,2021-11-10_07-50-19
202116,all,partially_vaccinated,43,298,713034,6.03,NA,CHFL,COVID19Cases,vaccine,all,limited,2021-11-10_07-50-19
202116,all,not_vaccinated,296,2601,7098408,4.17,NA,CHFL,COVID19Cases,vaccine,all,limited,2021-11-10_07-50-19
202116,all,unknown,14197,130923,NA,NA,NA,CHFL,COVID19Cases,vaccine,all,limited,2021-11-10_07-50-19
202117,all,fully_vaccinated,48,336,1006234,4.77,NA,CHFL,COVID19Cases,vaccine,all,limited,2021-11-10_07-50-19
202117,all,partially_vaccinated,49,347,891755,5.49,NA,CHFL,COVID19Cases,vaccine,all,limited,2021-11-10_07-50-19
202117,all,not_vaccinated,192,2793,6811366,2.82,NA,CHFL,COVID19Cases,vaccine,all,limited,2021-11-10_07-50-19
202117,all,unknown,11636,142559,NA,NA,NA,CHFL,COVID19Cases,vaccine,all,limited,2021-11-10_07-50-19
202118,all,fully_vaccinated,36,372,1143244,3.15,NA,CHFL,COVID19Cases,vaccine,all,limited,2021-11-10_07-50-19
202118,all,partially_vaccinated,39,386,1079780,3.61,NA,CHFL,COVID19Cases,vaccine,all,limited,2021-11-10_07-50-19
202118,all,not_vaccinated,176,2969,6486331,2.71,NA,CHFL,COVID19Cases,vaccine,all,limited,2021-11-10_07-50-19
202118,all,unknown,10079,152638,NA,NA,NA,CHFL,COVID19Cases,vaccine,all,limited,2021-11-10_07-50-19
202119,all,fully_vaccinated,26,398,1334682,1.95,NA,CHFL,COVID19Cases,vaccine,all,limited,2021-11-10_07-50-19
202119,all,partially_vaccinated,26,412,1175949,2.21,NA,CHFL,COVID19Cases,vaccine,all,limited,2021-11-10_07-50-19
202119,all,not_vaccinated,128,3097,6198724,2.06,NA,CHFL,COVID19Cases,vaccine,all,limited,2021-11-10_07-50-19
202119,all,unknown,7673,160311,NA,NA,NA,CHFL,COVID19Cases,vaccine,all,limited,2021-11-10_07-50-19
202120,all,fully_vaccinated,39,437,1600134,2.44,NA,CHFL,COVID19Cases,vaccine,all,limited,2021-11-10_07-50-19
202120,all,partially_vaccinated,23,435,1229474,1.87,NA,CHFL,COVID19Cases,vaccine,all,limited,2021-11-10_07-50-19
202120,all,not_vaccinated,125,3222,5879747,2.13,NA,CHFL,COVID19Cases,vaccine,all,limited,2021-11-10_07-50-19
202120,all,unknown,7168,167479,NA,NA,NA,CHFL,COVID19Cases,vaccine,all,limited,2021-11-10_07-50-19
202121,all,fully_vaccinated,35,472,1875535,1.87,NA,CHFL,COVID19Cases,vaccine,all,limited,2021-11-10_07-50-19
202121,all,partially_vaccinated,15,450,1248513,1.2,NA,CHFL,COVID19Cases,vaccine,all,limited,2021-11-10_07-50-19
202121,all,not_vaccinated,78,3300,5585307,1.4,NA,CHFL,COVID19Cases,vaccine,all,limited,2021-11-10_07-50-19
202121,all,unknown,4991,172470,NA,NA,NA,CHFL,COVID19Cases,vaccine,all,limited,2021-11-10_07-50-19
202122,all,fully_vaccinated,24,496,2188772,1.1,NA,CHFL,COVID19Cases,vaccine,all,limited,2021-11-10_07-50-19
202122,all,partially_vaccinated,10,460,1274896,0.78,NA,CHFL,COVID19Cases,vaccine,all,limited,2021-11-10_07-50-19
202122,all,not_vaccinated,59,3359,5245687,1.12,NA,CHFL,COVID19Cases,vaccine,all,limited,2021-11-10_07-50-19
202122,all,unknown,3432,175902,NA,NA,NA,CHFL,COVID19Cases,vaccine,all,limited,2021-11-10_07-50-19
202123,all,fully_vaccinated,30,526,2495741,1.2,NA,CHFL,COVID19Cases,vaccine,all,limited,2021-11-10_07-50-19
202123,all,partially_vaccinated,14,474,1324783,1.06,NA,CHFL,COVID19Cases,vaccine,all,limited,2021-11-10_07-50-19
202123,all,not_vaccinated,28,3387,4888831,0.57,NA,CHFL,COVID19Cases,vaccine,all,limited,2021-11-10_07-50-19
202123,all,unknown,2244,178146,NA,NA,NA,CHFL,COVID19Cases,vaccine,all,limited,2021-11-10_07-50-19
202124,all,fully_vaccinated,14,540,2810500,0.5,NA,CHFL,COVID19Cases,vaccine,all,limited,2021-11-10_07-50-19
202124,all,partially_vaccinated,6,480,1320655,0.45,NA,CHFL,COVID19Cases,vaccine,all,limited,2021-11-10_07-50-19
202124,all,not_vaccinated,18,3405,4578200,0.39,NA,CHFL,COVID19Cases,vaccine,all,limited,2021-11-10_07-50-19
202124,all,unknown,1202,179348,NA,NA,NA,CHFL,COVID19Cases,vaccine,all,limited,2021-11-10_07-50-19
202125,all,fully_vaccinated,8,548,3118623,0.26,NA,CHFL,COVID19Cases,vaccine,all,limited,2021-11-10_07-50-19
202125,all,partially_vaccinated,4,484,1244869,0.32,NA,CHFL,COVID19Cases,vaccine,all,limited,2021-11-10_07-50-19
202125,all,not_vaccinated,13,3418,4345863,0.3,NA,CHFL,COVID19Cases,vaccine,all,limited,2021-11-10_07-50-19
202125,all,unknown,725,180073,NA,NA,NA,CHFL,COVID19Cases,vaccine,all,limited,2021-11-10_07-50-19
202126,all,fully_vaccinated,10,558,3452876,0.29,NA,CHFL,COVID19Cases,vaccine,all,intermediate,2021-11-10_07-50-19
202126,all,partially_vaccinated,4,488,1039009,0.38,NA,CHFL,COVID19Cases,vaccine,all,intermediate,2021-11-10_07-50-19
202126,all,not_vaccinated,13,3431,4217470,0.31,NA,CHFL,COVID19Cases,vaccine,all,intermediate,2021-11-10_07-50-19
202126,all,unknown,1010,181083,NA,NA,NA,CHFL,COVID19Cases,vaccine,all,intermediate,2021-11-10_07-50-19
202127,all,fully_vaccinated,32,590,3788969,0.84,NA,CHFL,COVID19Cases,vaccine,all,intermediate,2021-11-10_07-50-19
202127,all,partially_vaccinated,6,494,790025,0.76,NA,CHFL,COVID19Cases,vaccine,all,intermediate,2021-11-10_07-50-19
202127,all,not_vaccinated,25,3456,4130361,0.61,NA,CHFL,COVID19Cases,vaccine,all,intermediate,2021-11-10_07-50-19
202127,all,unknown,1997,183080,NA,NA,NA,CHFL,COVID19Cases,vaccine,all,intermediate,2021-11-10_07-50-19
202128,all,fully_vaccinated,56,646,4085758,1.37,NA,CHFL,COVID19Cases,vaccine,all,intermediate,2021-11-10_07-50-19
202128,all,partially_vaccinated,11,505,568367,1.94,NA,CHFL,COVID19Cases,vaccine,all,intermediate,2021-11-10_07-50-19
202128,all,not_vaccinated,56,3512,4055230,1.38,NA,CHFL,COVID19Cases,vaccine,all,intermediate,2021-11-10_07-50-19
202128,all,unknown,3686,186766,NA,NA,NA,CHFL,COVID19Cases,vaccine,all,intermediate,2021-11-10_07-50-19
202129,all,fully_vaccinated,105,751,4314349,2.43,NA,CHFL,COVID19Cases,vaccine,all,intermediate,2021-11-10_07-50-19
202129,all,partially_vaccinated,15,520,410934,3.65,NA,CHFL,COVID19Cases,vaccine,all,intermediate,2021-11-10_07-50-19
202129,all,not_vaccinated,61,3573,3984072,1.53,NA,CHFL,COVID19Cases,vaccine,all,intermediate,2021-11-10_07-50-19
202129,all,unknown,4786,191552,NA,NA,NA,CHFL,COVID19Cases,vaccine,all,intermediate,2021-11-10_07-50-19
202130,all,fully_vaccinated,149,900,4440043,3.36,NA,CHFL,COVID19Cases,vaccine,all,intermediate,2021-11-10_07-50-19
202130,all,partially_vaccinated,25,545,352200,7.1,NA,CHFL,COVID19Cases,vaccine,all,intermediate,2021-11-10_07-50-19
202130,all,not_vaccinated,109,3682,3917112,2.78,NA,CHFL,COVID19Cases,vaccine,all,intermediate,2021-11-10_07-50-19
202130,all,unknown,4980,196532,NA,NA,NA,CHFL,COVID19Cases,vaccine,all,intermediate,2021-11-10_07-50-19
202131,all,fully_vaccinated,229,1129,4526659,5.06,NA,CHFL,COVID19Cases,vaccine,all,intermediate,2021-11-10_07-50-19
202131,all,partially_vaccinated,30,575,320215,9.37,NA,CHFL,COVID19Cases,vaccine,all,intermediate,2021-11-10_07-50-19
202131,all,not_vaccinated,186,3868,3862481,4.82,NA,CHFL,COVID19Cases,vaccine,all,intermediate,2021-11-10_07-50-19
202131,all,unknown,7189,203721,NA,NA,NA,CHFL,COVID19Cases,vaccine,all,intermediate,2021-11-10_07-50-19
202132,all,fully_vaccinated,349,1478,4603801,7.58,NA,CHFL,COVID19Cases,vaccine,all,intermediate,2021-11-10_07-50-19
202132,all,partially_vaccinated,47,622,306663,15.33,NA,CHFL,COVID19Cases,vaccine,all,intermediate,2021-11-10_07-50-19
202132,all,not_vaccinated,367,4235,3798891,9.66,NA,CHFL,COVID19Cases,vaccine,all,intermediate,2021-11-10_07-50-19
202132,all,unknown,13447,217168,NA,NA,NA,CHFL,COVID19Cases,vaccine,all,intermediate,2021-11-10_07-50-19
202133,all,fully_vaccinated,432,1910,4680569,9.23,NA,CHFL,COVID19Cases,vaccine,all,intermediate,2021-11-10_07-50-19
202133,all,partially_vaccinated,78,700,303467,25.7,NA,CHFL,COVID19Cases,vaccine,all,intermediate,2021-11-10_07-50-19
202133,all,not_vaccinated,422,4657,3725319,11.33,NA,CHFL,COVID19Cases,vaccine,all,intermediate,2021-11-10_07-50-19
202133,all,unknown,17082,234250,NA,NA,NA,CHFL,COVID19Cases,vaccine,all,intermediate,2021-11-10_07-50-19
202134,all,fully_vaccinated,379,2289,4755556,7.97,NA,CHFL,COVID19Cases,vaccine,all,intermediate,2021-11-10_07-50-19
202134,all,partially_vaccinated,59,759,321837,18.33,NA,CHFL,COVID19Cases,vaccine,all,intermediate,2021-11-10_07-50-19
202134,all,not_vaccinated,384,5041,3631962,10.57,NA,CHFL,COVID19Cases,vaccine,all,intermediate,2021-11-10_07-50-19
202134,all,unknown,17101,251351,NA,NA,NA,CHFL,COVID19Cases,vaccine,all,intermediate,2021-11-10_07-50-19
202135,all,fully_vaccinated,400,2689,4817429,8.3,NA,CHFL,COVID19Cases,vaccine,all,intermediate,2021-11-10_07-50-19
202135,all,partially_vaccinated,52,811,363065,14.32,NA,CHFL,COVID19Cases,vaccine,all,intermediate,2021-11-10_07-50-19
202135,all,not_vaccinated,302,5343,3528861,8.56,NA,CHFL,COVID19Cases,vaccine,all,intermediate,2021-11-10_07-50-19
202135,all,unknown,18077,269428,NA,NA,NA,CHFL,COVID19Cases,vaccine,all,intermediate,2021-11-10_07-50-19
202136,all,fully_vaccinated,362,3051,4889931,7.4,NA,CHFL,COVID19Cases,vaccine,all,intermediate,2021-11-10_07-50-19
202136,all,partially_vaccinated,50,861,424190,11.79,NA,CHFL,COVID19Cases,vaccine,all,intermediate,2021-11-10_07-50-19
202136,all,not_vaccinated,263,5606,3395234,7.75,NA,CHFL,COVID19Cases,vaccine,all,intermediate,2021-11-10_07-50-19
202136,all,unknown,17514,286942,NA,NA,NA,CHFL,COVID19Cases,vaccine,all,intermediate,2021-11-10_07-50-19
202137,all,fully_vaccinated,259,3310,4978611,5.2,NA,CHFL,COVID19Cases,vaccine,all,intermediate,2021-11-10_07-50-19
202137,all,partially_vaccinated,50,911,486242,10.28,NA,CHFL,COVID19Cases,vaccine,all,intermediate,2021-11-10_07-50-19
202137,all,not_vaccinated,198,5804,3244502,6.1,NA,CHFL,COVID19Cases,vaccine,all,intermediate,2021-11-10_07-50-19
202137,all,unknown,12242,299184,NA,NA,NA,CHFL,COVID19Cases,vaccine,all,intermediate,2021-11-10_07-50-19
202138,all,fully_vaccinated,225,3535,5075228,4.43,NA,CHFL,COVID19Cases,vaccine,all,intermediate,2021-11-10_07-50-19
202138,all,partially_vaccinated,31,942,501172,6.19,NA,CHFL,COVID19Cases,vaccine,all,intermediate,2021-11-10_07-50-19
202138,all,not_vaccinated,148,5952,3132955,4.72,NA,CHFL,COVID19Cases,vaccine,all,intermediate,2021-11-10_07-50-19
202138,all,unknown,8944,308128,NA,NA,NA,CHFL,COVID19Cases,vaccine,all,intermediate,2021-11-10_07-50-19
202139,all,fully_vaccinated,193,3728,5175744,3.73,NA,CHFL,COVID19Cases,vaccine,all,intermediate,2021-11-10_07-50-19
202139,all,partially_vaccinated,25,967,472217,5.29,NA,CHFL,COVID19Cases,vaccine,all,intermediate,2021-11-10_07-50-19
202139,all,not_vaccinated,100,6052,3061394,3.27,NA,CHFL,COVID19Cases,vaccine,all,intermediate,2021-11-10_07-50-19
202139,all,unknown,7328,315456,NA,NA,NA,CHFL,COVID19Cases,vaccine,all,intermediate,2021-11-10_07-50-19
202140,all,fully_vaccinated,216,3944,5294126,4.08,NA,CHFL,COVID19Cases,vaccine,all,intermediate,2021-11-10_07-50-19
202140,all,partially_vaccinated,11,978,406531,2.71,NA,CHFL,COVID19Cases,vaccine,all,intermediate,2021-11-10_07-50-19
202140,all,not_vaccinated,99,6151,3008698,3.29,NA,CHFL,COVID19Cases,vaccine,all,intermediate,2021-11-10_07-50-19
202140,all,unknown,6046,321502,NA,NA,NA,CHFL,COVID19Cases,vaccine,all,intermediate,2021-11-10_07-50-19
202141,all,fully_vaccinated,170,4114,5426410,3.13,NA,CHFL,COVID19Cases,vaccine,all,intermediate,2021-11-10_07-50-19
202141,all,partially_vaccinated,9,987,321617,2.8,NA,CHFL,COVID19Cases,vaccine,all,intermediate,2021-11-10_07-50-19
202141,all,not_vaccinated,91,6242,2961328,3.07,NA,CHFL,COVID19Cases,vaccine,all,intermediate,2021-11-10_07-50-19
202141,all,unknown,6172,327674,NA,NA,NA,CHFL,COVID19Cases,vaccine,all,intermediate,2021-11-10_07-50-19
202142,all,fully_vaccinated,184,4298,5538701,3.32,NA,CHFL,COVID19Cases,vaccine,all,intermediate,2021-11-10_07-50-19
202142,all,partially_vaccinated,6,993,246961,2.43,NA,CHFL,COVID19Cases,vaccine,all,intermediate,2021-11-10_07-50-19
202142,all,not_vaccinated,96,6338,2923693,3.28,NA,CHFL,COVID19Cases,vaccine,all,intermediate,2021-11-10_07-50-19
202142,all,unknown,8444,336118,NA,NA,NA,CHFL,COVID19Cases,vaccine,all,intermediate,2021-11-10_07-50-19
202143,all,fully_vaccinated,132,4430,5614359,2.35,NA,CHFL,COVID19Cases,vaccine,all,intermediate,2021-11-10_07-50-19
202143,all,partially_vaccinated,7,1000,200034,3.5,NA,CHFL,COVID19Cases,vaccine,all,intermediate,2021-11-10_07-50-19
202143,all,not_vaccinated,131,6469,2894962,4.53,NA,CHFL,COVID19Cases,vaccine,all,intermediate,2021-11-10_07-50-19
202143,all,unknown,11292,347410,NA,NA,NA,CHFL,COVID19Cases,vaccine,all,intermediate,2021-11-10_07-50-19
202144,all,fully_vaccinated,136,4566,5665392,2.4,NA,CHFL,COVID19Cases,vaccine,all,intermediate,2021-11-10_07-50-19
202144,all,partially_vaccinated,12,1012,174260,6.89,NA,CHFL,COVID19Cases,vaccine,all,intermediate,2021-11-10_07-50-19
202144,all,not_vaccinated,112,6581,2869703,3.9,NA,CHFL,COVID19Cases,vaccine,all,intermediate,2021-11-10_07-50-19
202144,all,unknown,17014,364424,NA,NA,NA,CHFL,COVID19Cases,vaccine,all,intermediate,2021-11-10_07-50-19